Workbook

Sheet Chemestry CH4
F3: Reagentes | R3: Produtos reaçao
H4: nitrogen ox ratio | J4: 3.72 | P4: ->
B5: SAF | H5: Nitrogenio | L5: Oxigenio | P5: -> | R5: Carbono | X5: Nitrogenio | AB5: Agua
B6: balanço | C6: molecula | H6: balanço | I6: Molecula | L6: balanço | M6: Molecula | P6: -> | R6: balanço | S6: molecula | X6: balanço | Y6: Molecula | AB6: Balanço | AC6: molecula
B7: 1 | C7: C | D7: 1 | E7: H | F7: 4 | H7: =J4*L7 -> 7.44 | I7: N | J7: 2 | L7: =(V8+AF8) / 2 -> 2 | M7: O | N7: 2 | P7: -> | R7: =D8 -> 1 | S7: C | T7: 1 | U7: O | V7: 2 | X7: =H7 -> 7.44 | Y7: N | Z7: 2 | AB7: =F8/AD7 -> 2 | AC7: H | AD7: 2 | AE7: O | AF7: 1
A8: total moles | D8: =D7*B7 -> 1 | F8: =F7*B7 -> 4 | N8: =N7*L7 -> 4 | T8: =T7*R7 -> 1 | V8: =V7*R7 -> 2 | AD8: =AD7*AB7 -> 4 | AF8: =AF7*AB7 -> 2
A10: Entalpy of fromation kJ / mole | C10: -74.85 | I10: 0 | M10: 0 | P10: -> | S10: -393 | Y10: 0 | AC10: -241.81
A11: Energy in the system kJ / mole of reaction | C11: =C10*B7 -> -74.85 | I11: 0 | M11: =L7*M10 -> 0 | P11: -> | S11: =S10*R7 -> -393 | Y11: 0 | AC11: =AC10*AB7 -> -483.62
A13: Total formation enthaly KJ / mole of reactin | B13: =C11+M11 -> -74.85 | Q13: =S11+AC11 -> -876.62
A15: Delta enthalpy kJ / mole of reaction | B15: =Q13-B13 -> -801.77
A18: Molar mass g | C18: =D7*C21+F7*F21 -> 16.032 | I18: =J7*J21 -> 28 | M18: =N7*M21 -> 32 | O18: total | Q18: total | S18: =T7*C21+V7*M21 -> 44 | Y18: =J21*Z7 -> 28 | AC18: =AD7*F21+AF7*M21 -> 18.016
A19: Molar mass g per mole reacion | C19: =C18*B7 -> 16.032 | I19: =I18*H7 -> 208.32 | M19: =M18*L7 -> 64 | O19: =M19+C19+I19 -> 288.352 | Q19: =S19+AC19+Y19 -> 288.352 | S19: =S18*R7 -> 44 | U19: =U18*T7 -> 0 | Y19: =Y18*X7 -> 208.32 | AC19: =AC18*AB7 -> 36.032 | AE19: =AE18*AD7 -> 0
A21: Elemnts molar mass g/mol | B21: C | C21: 12 | E21: H | F21: 1.008 | I21: N | J21: 14 | L21: O | M21: 16 | O21: N | P21: 14.01
A24: LHV kJ / g | B24: =-B15/C19 -> 50.010604
A25: LHV J / kg | B25: =B24*1000*1000 -> 50010604
A26: F/Ox stec | B26: =C19/(M19) -> 0.2505
A27: F/air stec | B27: =C19/(I19+M19) -> 0.058871915
A28: Ox / F | B28: =1/B26 -> 3.992016
A29: Air / F | B29: =1/B27 -> 16.986028

Sheet Chemestry H2
F3: Reagentes | R3: Produtos reaçao
H4: nitrogen ox ratio | J4: 3.72 | P4: ->
B5: SAF | H5: Nitrogenio | L5: Oxigenio | P5: -> | R5: Carbono | X5: Nitrogenio | AB5: Agua
B6: balanço | C6: molecula | H6: balanço | I6: Molecula | L6: balanço | M6: Molecula | P6: -> | R6: balanço | S6: molecula | X6: balanço | Y6: Molecula | AB6: Balanço | AC6: molecula
B7: 1 | C7: C | D7: 0 | E7: H | F7: 2 | H7: =J4*L7 -> 1.86 | I7: N | J7: 2 | L7: =(V8+AF8) / 2 -> 0.5 | M7: O | N7: 2 | P7: -> | R7: =D8 -> 0 | S7: C | T7: 1 | U7: O | V7: 2 | X7: =H7 -> 1.86 | Y7: N | Z7: 2 | AB7: =F8/AD7 -> 1 | AC7: H | AD7: 2 | AE7: O | AF7: 1
A8: total moles | D8: =D7*B7 -> 0 | F8: =F7*B7 -> 2 | N8: =N7*L7 -> 1 | T8: =T7*R7 -> 0 | V8: =V7*R7 -> 0 | AD8: =AD7*AB7 -> 2 | AF8: =AF7*AB7 -> 1
A10: Entalpy of fromation kJ / mole | C10: 0 | I10: 0 | M10: 0 | P10: -> | S10: -393 | Y10: 0 | AC10: -241.81
A11: Energy in the system kJ / mole of reaction | C11: =C10*B7 -> 0 | I11: 0 | M11: =L7*M10 -> 0 | P11: -> | S11: =S10*R7 -> 0 | Y11: 0 | AC11: =AC10*AB7 -> -241.81
A13: Total formation enthaly KJ / mole of reactin | B13: =C11+M11 -> 0 | Q13: =S11+AC11 -> -241.81
A15: Delta enthalpy kJ / mole of reaction | B15: =Q13-B13 -> -241.81
A18: Molar mass g | C18: =D7*C21+F7*F21 -> 2.016 | I18: =J7*J21 -> 28 | M18: =N7*M21 -> 32 | O18: total | Q18: total | S18: =T7*C21+V7*M21 -> 44 | Y18: =J21*Z7 -> 28 | AC18: =AD7*F21+AF7*M21 -> 18.016
A19: Molar mass g per mole reacion | C19: =C18*B7 -> 2.016 | I19: =I18*H7 -> 52.08 | M19: =M18*L7 -> 16 | O19: =M19+C19+I19 -> 70.096 | Q19: =S19+AC19+Y19 -> 70.096 | S19: =S18*R7 -> 0 | U19: =U18*T7 -> 0 | Y19: =Y18*X7 -> 52.08 | AC19: =AC18*AB7 -> 18.016 | AE19: =AE18*AD7 -> 0
A21: Elemnts molar mass g/mol | B21: C | C21: 12 | E21: H | F21: 1.008 | I21: N | J21: 14 | L21: O | M21: 16 | O21: N | P21: 14.01
A24: LHV kJ / g | B24: =-B15/C19 -> 119.94544
A25: LHV J / kg | B25: =B24*1000*1000 -> 1.1994544e+08
A26: F/Ox stec | B26: =C19/(M19) -> 0.126
A27: F/air stec | B27: =C19/(I19+M19) -> 0.029612221
A28: Ox / F | B28: =1/B26 -> 7.9365079
A29: Air / F | B29: =1/B27 -> 33.769841

Sheet CH4
A2: INPUTS | F2: Constants
A3: Constant power | B3: 1000 | C3: W | F3: LHV | G3: ='Chemestry CH4'!B24 -> 50.010604 | H3: kJ / g | I3: T nlpm | J3: 0 | K3: C | L3: T lab | M3: 300 | N3: K | O3: D tue | P3: 21 | Q3: mm
F4: LHV | G4: =G3*1000 -> 50010.604 | H4: J/g | I4: P nlpm | J4: 1013.25 | K4: hPa | L4: P lab | M4: 1 | N4: amts | O4: L/D | P4: 50 | Q4: -
F5: Reacting fuel | G5: =B3/G4 -> 0.019995759 | H5: g /s | I5: T nlpm | J5: =J3+273.15 -> 273.15 | K5: k | L5: T lab | M5: =M3 -> 300 | N5: k | O5: D tube | P5: =P3/1000 -> 0.021 | Q5: m
F6: Reacting air | G6: =G5*'Chemestry CH4'!B29 -> 0.33964853 | H6: g/s | I6: P nlpm | J6: =J4*100 -> 101325 | K6: Pa | L6: P lab | M6: =M4*101325 -> 101325 | N6: Pa | O6: L turbe | P6: =P5*P4 -> 1.05 | Q6: m
F7: F/a stock | G7: ='Chemestry CH4'!B27 -> 0.058871915 | H7: - | I7: rho_n fuel | J7: =[1]!PropsSI("D", "T", J5, "P", J6, "Methane") -> 0.71745878 | K7: kg/m3 | L7: rho_n fuel | M7: =[1]!PropsSI("D", "T", M5, "P", M6, "Methane") -> 0.65280527 | N7: kg/m3 | O7: Mw air | P7: 28.97 | Q7: g/mol
F8: R gas | G8: 8.314 | H8: J/(K mol) | I8: rho_n air | J8: =[1]!PropsSI("D", "T", J5, "P", J6, "air") -> 1.2930656 | K8: kg/m3 | L8: rho_n air | M8: =[1]!PropsSI("D", "T", M5, "P", M6, "air") -> 1.1769956 | N8: kg/m3 | O8: Mw fuel | P8: ='Chemestry CH4'!C18 -> 16.032 | Q8: g/mol
A12: Φ | B12: Limit | C12: F/A | D12: Fuel Flow [g/s] | E12: Air Flow [g/s] | F12: Fuel flow nlpm | G12: Air flow nlpm | H12: Therm. P check | I12: Molar fraction Fuel [g/mol] | J12: Molar fraction air [g/mol] | K12: Molar mass mixture [g/mol] | L12: rho mixure [kg/m3] | M12: V bulk [m/s] | N12: Re
A13: 0.8 | B13: =IF($A13=1,"Stoc",IF($A13>1,"air","Fuel")) -> Fuel | C13: =A13*$G$7 -> 0.047097532 | D13: =IF($A13=1,$G$5,IF($A13>1,E13*C13,$G$5)) -> 0.019995759 | E13: =IF($A13=1,$G$6,IF($A13>1,$G$6,D13/C13)) -> 0.42456066 | F13: =D13/($J$7*1000)*1000*60 -> 1.6722153 | G13: =E13/($J$8*1000)*1000*60 -> 19.700191 | H13: =IF(A13>1,E13*$G$7*$G$4,D13*$G$4) -> 1000 | I13: =1/(1+'Chemestry H2'!$L$7*('Chemestry H2'!$J$4+1)/A13) -> 0.25316456 | J13: =1-I13 -> 0.74683544 | K13: =I13*$P$8+J13*$P$7 -> 25.694557 | L13: =($M$6*K13)/($G$8*$M$5) /1000 -> 1.0438221 | M13: =(D13+E13)/(1000*L13*PI()*($P$5/2)^2) -> 1.2296229 | N13: =M13*L13*$P$5/([1]!PropsSI("V","T",$M$5,"P",$M$6,"Air")) -> 1454.0197
A14: =A13+0.2 -> 1 | B14: =IF($A14=1,"Stoc",IF($A14>1,"air","Fuel")) -> Stoc | C14: =A14*$G$7 -> 0.058871915 | D14: =IF($A14=1,$G$5,IF($A14>1,E14*C14,$G$5)) -> 0.019995759 | E14: =IF($A14=1,$G$6,IF($A14>1,$G$6,D14/C14)) -> 0.33964853 | F14: =D14/($J$7*1000)*1000*60 -> 1.6722153 | G14: =E14/($J$8*1000)*1000*60 -> 15.760153 | H14: =IF(A14>1,E14*$G$7*$G$4,D14*$G$4) -> 1000 | I14: =1/(1+'Chemestry CH4'!$L$7*('Chemestry CH4'!$J$4+1)/A14) -> 0.095785441 | J14: =1-I14 -> 0.90421456 | K14: =I14*$P$8+J14*$P$7 -> 27.730728 | L14: =($M$6*K14)/($G$8*$M$5) /1000 -> 1.12654 | M14: =(D14+E14)/(1000*L14*PI()*($P$5/2)^2) -> 0.92171804 | N14: =M14*L14*$P$5/([1]!PropsSI("V","T",$M$5,"P",$M$6,"Air")) -> 1176.2958
A15: =A14+0.2 -> 1.2 | B15: =IF($A15=1,"Stoc",IF($A15>1,"air","Fuel")) -> air | C15: =A15*$G$7 -> 0.070646298 | D15: =IF($A15=1,$G$5,IF($A15>1,E15*C15,$G$5)) -> 0.023994911 | E15: =IF($A15=1,$G$6,IF($A15>1,$G$6,D15/C15)) -> 0.33964853 | F15: =D15/($J$7*1000)*1000*60 -> 2.0066584 | G15: =E15/($J$8*1000)*1000*60 -> 15.760153 | H15: =IF(A15>1,E15*$G$7*$G$4,D15*$G$4) -> 1000 | I15: =1/(1+'Chemestry CH4'!$L$7*('Chemestry CH4'!$J$4+1)/A15) -> 0.11278195 | J15: =1-I15 -> 0.88721805 | K15: =I15*$P$8+J15*$P$7 -> 27.510827 | L15: =($M$6*K15)/($G$8*$M$5) /1000 -> 1.1176067 | M15: =(D15+E15)/(1000*L15*PI()*($P$5/2)^2) -> 0.93941675 | N15: =M15*L15*$P$5/([1]!PropsSI("V","T",$M$5,"P",$M$6,"Air")) -> 1189.376

Sheet H2
A2: INPUTS | F2: Constants
A3: Constant power | B3: 1000 | C3: W | F3: LHV | G3: ='Chemestry CH4'!B24 -> 50.010604 | H3: kJ / g | I3: T nlpm | J3: 0 | K3: C | L3: T lab | M3: 300 | N3: K | O3: D tue | P3: 4 | Q3: mm
F4: LHV | G4: =G3*1000 -> 50010.604 | H4: J/g | I4: P nlpm | J4: 1013.25 | K4: hPa | L4: P lab | M4: 1 | N4: amts | O4: L/D | P4: 50 | Q4: -
F5: Reacting fuel | G5: =B3/G4 -> 0.019995759 | H5: g /s | I5: T nlpm | J5: =J3+273.15 -> 273.15 | K5: k | L5: T lab | M5: =M3 -> 300 | N5: k | O5: D tube | P5: =P3/1000 -> 0.004 | Q5: m
F6: Reacting air | G6: =G5*'Chemestry H2'!B29 -> 0.67525362 | H6: g/s | I6: P nlpm | J6: =J4*100 -> 101325 | K6: Pa | L6: P lab | M6: =M4*101325 -> 101325 | N6: Pa | O6: L turbe | P6: =P5*P4 -> 0.2 | Q6: m
F7: F/a stock | G7: ='Chemestry H2'!B27 -> 0.029612221 | H7: - | I7: rho_n fuel | J7: =[1]!PropsSI("D", "T", J5, "P", J6, "H2") -> 0.089882376 | K7: kg/m3 | L7: rho_n fuel | M7: =[1]!PropsSI("D", "T", M5, "P", M6, "H2") -> 0.081840488 | N7: kg/m3 | O7: Mw air | P7: 28.97 | Q7: g/mol
F8: R gas | G8: 8.314 | H8: J/(K mol) | I8: rho_n air | J8: =[1]!PropsSI("D", "T", J5, "P", J6, "air") -> 1.2930656 | K8: kg/m3 | L8: rho_n air | M8: =[1]!PropsSI("D", "T", M5, "P", M6, "air") -> 1.1769956 | N8: kg/m3 | O8: Mw fuel | P8: ='Chemestry H2'!C18 -> 2.016 | Q8: g/mol
A12: Φ | B12: Limit | C12: F/A | D12: Fuel Flow [g/s] | E12: Air Flow [g/s] | F12: Fuel flow nlpm | G12: Air flow nlpm | H12: Therm. P check | I12: Molar fraction Fuel [g/mol] | J12: Molar fraction air [g/mol] | K12: Molar mass mixture [g/mol] | L12: rho mixure [kg/m3] | M12: V bulk [m/s] | N12: Re
A13: 0.5 | B13: =IF($A13=1,"Stoc",IF($A13>1,"air","Fuel")) -> Fuel | C13: =A13*$G$7 -> 0.01480611 | D13: =IF($A13=1,$G$5,IF($A13>1,E13*C13,$G$5)) -> 0.019995759 | E13: =IF($A13=1,$G$6,IF($A13>1,$G$6,D13/C13)) -> 1.3505072 | F13: =D13/($J$7*1000)*1000*60 -> 13.347951 | G13: =E13/($J$8*1000)*1000*60 -> 62.665369 | H13: =IF(A13>1,E13*$G$7*$G$4,D13*$G$4) -> 1000 | I13: =1/(1+'Chemestry CH4'!$L$7*('Chemestry CH4'!$J$4+1)/A13) -> 0.050301811 | J13: =1-I13 -> 0.94969819 | K13: =I13*$P$8+J13*$P$7 -> 27.614165 | L13: =($M$6*K13)/($G$8*$M$5) /1000 -> 1.1218047 | M13: =(D13+E13)/(1000*L13*PI()*($P$5/2)^2) -> 97.219386 | N13: =M13*L13*$P$5/([1]!PropsSI("V","T",$M$5,"P",$M$6,"Air")) -> 23533.292
A14: =A13+0.1 -> 0.6 | B14: =IF($A14=1,"Stoc",IF($A14>1,"air","Fuel")) -> Fuel | C14: =A14*$G$7 -> 0.017767333 | D14: =IF($A14=1,$G$5,IF($A14>1,E14*C14,$G$5)) -> 0.019995759 | E14: =IF($A14=1,$G$6,IF($A14>1,$G$6,D14/C14)) -> 1.1254227 | F14: =D14/($J$7*1000)*1000*60 -> 13.347951 | G14: =E14/($J$8*1000)*1000*60 -> 52.221141 | H14: =IF(A14>1,E14*$G$7*$G$4,D14*$G$4) -> 1000 | I14: =1/(1+'Chemestry CH4'!$L$7*('Chemestry CH4'!$J$4+1)/A14) -> 0.059760956 | J14: =1-I14 -> 0.94023904 | K14: =I14*$P$8+J14*$P$7 -> 27.359203 | L14: =($M$6*K14)/($G$8*$M$5) /1000 -> 1.1114471 | M14: =(D14+E14)/(1000*L14*PI()*($P$5/2)^2) -> 82.009758 | N14: =M14*L14*$P$5/([1]!PropsSI("V","T",$M$5,"P",$M$6,"Air")) -> 19668.302
A15: =A14+0.1 -> 0.7 | B15: =IF($A15=1,"Stoc",IF($A15>1,"air","Fuel")) -> Fuel | C15: =A15*$G$7 -> 0.020728555 | D15: =IF($A15=1,$G$5,IF($A15>1,E15*C15,$G$5)) -> 0.019995759 | E15: =IF($A15=1,$G$6,IF($A15>1,$G$6,D15/C15)) -> 0.96464803 | F15: =D15/($J$7*1000)*1000*60 -> 13.347951 | G15: =E15/($J$8*1000)*1000*60 -> 44.760978 | H15: =IF(A15>1,E15*$G$7*$G$4,D15*$G$4) -> 1000 | I15: =1/(1+'Chemestry CH4'!$L$7*('Chemestry CH4'!$J$4+1)/A15) -> 0.069033531 | J15: =1-I15 -> 0.93096647 | K15: =I15*$P$8+J15*$P$7 -> 27.10927 | L15: =($M$6*K15)/($G$8*$M$5) /1000 -> 1.1012937 | M15: =(D15+E15)/(1000*L15*PI()*($P$5/2)^2) -> 71.14856 | N15: =M15*L15*$P$5/([1]!PropsSI("V","T",$M$5,"P",$M$6,"Air")) -> 16907.595
A16: =A15+0.1 -> 0.8 | B16: =IF($A16=1,"Stoc",IF($A16>1,"air","Fuel")) -> Fuel | C16: =A16*$G$7 -> 0.023689777 | D16: =IF($A16=1,$G$5,IF($A16>1,E16*C16,$G$5)) -> 0.019995759 | E16: =IF($A16=1,$G$6,IF($A16>1,$G$6,D16/C16)) -> 0.84406703 | F16: =D16/($J$7*1000)*1000*60 -> 13.347951 | G16: =E16/($J$8*1000)*1000*60 -> 39.165856 | H16: =IF(A16>1,E16*$G$7*$G$4,D16*$G$4) -> 1000 | I16: =1/(1+'Chemestry CH4'!$L$7*('Chemestry CH4'!$J$4+1)/A16) -> 0.078125 | J16: =1-I16 -> 0.921875 | K16: =I16*$P$8+J16*$P$7 -> 26.864219 | L16: =($M$6*K16)/($G$8*$M$5) /1000 -> 1.0913387 | M16: =(D16+E16)/(1000*L16*PI()*($P$5/2)^2) -> 63.005126 | N16: =M16*L16*$P$5/([1]!PropsSI("V","T",$M$5,"P",$M$6,"Air")) -> 14837.065
A17: =A16+0.1 -> 0.9 | B17: =IF($A17=1,"Stoc",IF($A17>1,"air","Fuel")) -> Fuel | C17: =A17*$G$7 -> 0.026650999 | D17: =IF($A17=1,$G$5,IF($A17>1,E17*C17,$G$5)) -> 0.019995759 | E17: =IF($A17=1,$G$6,IF($A17>1,$G$6,D17/C17)) -> 0.7502818 | F17: =D17/($J$7*1000)*1000*60 -> 13.347951 | G17: =E17/($J$8*1000)*1000*60 -> 34.814094 | H17: =IF(A17>1,E17*$G$7*$G$4,D17*$G$4) -> 1000 | I17: =1/(1+'Chemestry CH4'!$L$7*('Chemestry CH4'!$J$4+1)/A17) -> 0.087040619 | J17: =1-I17 -> 0.91295938 | K17: =I17*$P$8+J17*$P$7 -> 26.623907 | L17: =($M$6*K17)/($G$8*$M$5) /1000 -> 1.0815762 | M17: =(D17+E17)/(1000*L17*PI()*($P$5/2)^2) -> 56.673529 | N17: =M17*L17*$P$5/([1]!PropsSI("V","T",$M$5,"P",$M$6,"Air")) -> 13226.653
A18: =A17+0.1 -> 1 | B18: =IF($A18=1,"Stoc",IF($A18>1,"air","Fuel")) -> Stoc | C18: =A18*$G$7 -> 0.029612221 | D18: =IF($A18=1,$G$5,IF($A18>1,E18*C18,$G$5)) -> 0.019995759 | E18: =IF($A18=1,$G$6,IF($A18>1,$G$6,D18/C18)) -> 0.67525362 | F18: =D18/($J$7*1000)*1000*60 -> 13.347951 | G18: =E18/($J$8*1000)*1000*60 -> 31.332685 | H18: =IF(A18>1,E18*$G$7*$G$4,D18*$G$4) -> 1000 | I18: =1/(1+'Chemestry CH4'!$L$7*('Chemestry CH4'!$J$4+1)/A18) -> 0.095785441 | J18: =1-I18 -> 0.90421456 | K18: =I18*$P$8+J18*$P$7 -> 26.388199 | L18: =($M$6*K18)/($G$8*$M$5) /1000 -> 1.0720008 | M18: =(D18+E18)/(1000*L18*PI()*($P$5/2)^2) -> 51.610213 | N18: =M18*L18*$P$5/([1]!PropsSI("V","T",$M$5,"P",$M$6,"Air")) -> 11938.323
A19: =A18+0.1 -> 1.1 | B19: =IF($A19=1,"Stoc",IF($A19>1,"air","Fuel")) -> air | C19: =A19*$G$7 -> 0.032573443 | D19: =IF($A19=1,$G$5,IF($A19>1,E19*C19,$G$5)) -> 0.021995335 | E19: =IF($A19=1,$G$6,IF($A19>1,$G$6,D19/C19)) -> 0.67525362 | F19: =D19/($J$7*1000)*1000*60 -> 14.682746 | G19: =E19/($J$8*1000)*1000*60 -> 31.332685 | H19: =IF(A19>1,E19*$G$7*$G$4,D19*$G$4) -> 1000 | I19: =1/(1+'Chemestry CH4'!$L$7*('Chemestry CH4'!$J$4+1)/A19) -> 0.10436433 | J19: =1-I19 -> 0.89563567 | K19: =I19*$P$8+J19*$P$7 -> 26.156964 | L19: =($M$6*K19)/($G$8*$M$5) /1000 -> 1.062607 | M19: =(D19+E19)/(1000*L19*PI()*($P$5/2)^2) -> 52.216209 | N19: =M19*L19*$P$5/([1]!PropsSI("V","T",$M$5,"P",$M$6,"Air")) -> 11972.658
A20: =A19+0.1 -> 1.2 | B20: =IF($A20=1,"Stoc",IF($A20>1,"air","Fuel")) -> air | C20: =A20*$G$7 -> 0.035534665 | D20: =IF($A20=1,$G$5,IF($A20>1,E20*C20,$G$5)) -> 0.023994911 | E20: =IF($A20=1,$G$6,IF($A20>1,$G$6,D20/C20)) -> 0.67525362 | F20: =D20/($J$7*1000)*1000*60 -> 16.017541 | G20: =E20/($J$8*1000)*1000*60 -> 31.332685 | H20: =IF(A20>1,E20*$G$7*$G$4,D20*$G$4) -> 1000 | I20: =1/(1+'Chemestry CH4'!$L$7*('Chemestry CH4'!$J$4+1)/A20) -> 0.11278195 | J20: =1-I20 -> 0.88721805 | K20: =I20*$P$8+J20*$P$7 -> 25.930075 | L20: =($M$6*K20)/($G$8*$M$5) /1000 -> 1.0533898 | M20: =(D20+E20)/(1000*L20*PI()*($P$5/2)^2) -> 52.824158 | N20: =M20*L20*$P$5/([1]!PropsSI("V","T",$M$5,"P",$M$6,"Air")) -> 12006.993
A21: =A20+0.1 -> 1.3 | B21: =IF($A21=1,"Stoc",IF($A21>1,"air","Fuel")) -> air | C21: =A21*$G$7 -> 0.038495887 | D21: =IF($A21=1,$G$5,IF($A21>1,E21*C21,$G$5)) -> 0.025994487 | E21: =IF($A21=1,$G$6,IF($A21>1,$G$6,D21/C21)) -> 0.67525362 | F21: =D21/($J$7*1000)*1000*60 -> 17.352336 | G21: =E21/($J$8*1000)*1000*60 -> 31.332685 | H21: =IF(A21>1,E21*$G$7*$G$4,D21*$G$4) -> 1000 | I21: =1/(1+'Chemestry CH4'!$L$7*('Chemestry CH4'!$J$4+1)/A21) -> 0.12104283 | J21: =1-I21 -> 0.87895717 | K21: =I21*$P$8+J21*$P$7 -> 25.707412 | L21: =($M$6*K21)/($G$8*$M$5) /1000 -> 1.0443443 | M21: =(D21+E21)/(1000*L21*PI()*($P$5/2)^2) -> 53.434057 | N21: =M21*L21*$P$5/([1]!PropsSI("V","T",$M$5,"P",$M$6,"Air")) -> 12041.328
